Age,EnvironmentSatisfaction,JobInvolvement,JobLevel,JobSatisfaction,MaritalStatus,MonthlyIncome,OverTime,TotalWorkingYears,YearsInCurrentRole,Attrition,YearsAtCompany,PC1,PC2,PC3,PC4,PC5,PC6,PC7
50,4,3,4,4,0,0.8642691415313225,0,32,4,0,5,3.283236605098101,-0.932874188387278,1.641691413056998,-0.7489504530925148,1.5643782969957722,-0.7941414258622486,0.2860828407506228
36,2,3,2,2,0,0.20734022358152288,0,7,2,0,3,-0.9317858755457392,-1.0137849271221677,0.5735939504631453,0.20216212300472783,-0.7366062677082054,-0.7214594115651943,1.1785898328947841
21,2,3,1,2,2,0.088061590381776,0,1,0,1,1,-3.341880084974938,1.4140897577502212,0.05781668098261283,0.8029708287921185,-1.1718886898849692,0.5946066292753727,-0.5637365543279077
52,2,3,3,2,2,0.49757435140265766,0,18,6,0,8,1.7134942812258862,0.3605808099033918,1.4064205982593114,0.3637138922330428,-0.79110156165307,0.5655429503990267,-0.5542938591000612
33,2,3,3,3,1,0.6644695211980595,1,15,6,1,7,0.5975908597254296,2.38117564152564,-0.6636781602488516,-0.38452575801378663,-0.07948104257191975,-1.4624020363682906,-0.5547247383291782
47,3,2,3,2,0,0.49166842438304154,1,28,11,0,22,3.4524786383345587,0.653425513291814,-1.8147774998099375,-1.1066093344131605,0.4071264755460725,-0.6534094624249202,1.4329870112377225
22,4,2,2,4,1,0.19858679603459187,0,4,2,0,2,-1.7240530625657249,-1.0761701577324898,-0.5388254502782562,0.395477924230679,1.5333336390557393,0.8751468165731457,-0.260364834401212
33,3,3,2,4,0,0.22985657034380932,1,7,5,0,6,-0.6205017912725344,-0.7093830500467738,-1.1110071166660986,-1.0341298894454953,0.8061844552151605,-1.7120419338827628,-0.21373386296402055
40,3,2,3,4,3,0.5191942628137524,0,15,11,0,12,1.8176037755986711,0.3926842813832536,-0.692357165550742,1.1475066903929099,0.751154514483577,1.9216491719474378,-2.097860813832555
27,4,1,2,4,2,0.2141953174435773,0,8,2,0,6,-1.099755291669861,-0.16236671521924018,-0.5277410691356895,1.1049712973912322,2.2649054587943676,1.9143949359951566,-0.5168663926755137
40,1,3,1,4,1,0.07366589327146171,0,8,0,0,1,-1.6787662434075563,-1.0672415765618255,1.0174255946309843,1.3665587137164967,-0.07605468229144763,-1.2496146142228013,-0.6196403042976456
55,4,3,3,2,1,0.5255747732545877,0,23,2,0,3,1.521492029392434,-0.29837782460897844,2.3599135639385005,-1.0781826225868458,0.5223664991436392,0.44398241940359673,0.5250619992878368
33,1,2,1,2,2,0.06876186458553048,1,5,2,1,2,-2.5726261577400997,2.999215077080946,-0.33377584449711667,0.7641428144728848,-0.21048401890489196,-0.6180591669867755,-0.20558734838352632
37,1,2,3,3,1,0.5062223159670955,0,17,1,1,14,0.7089219952379535,1.8449008543999432,-0.03351086711664774,1.861841897113303,0.012793427394274304,-0.7003316277442996,0.4422745544678705
46,4,2,5,2,1,0.9375659143640582,0,26,4,0,11,3.5979485705205607,0.5500287513117337,1.303032607751674,-0.33864680142485404,1.060327726000022,1.1249213297739669,0.8469627799947044
38,3,3,2,2,1,0.4701012444631934,0,10,8,0,9,0.5943131479705852,-0.5770403303264022,-0.29569814838740016,-0.24613473924391138,-0.7754867707428966,0.6790387909610873,0.19373475741451546
30,1,2,2,4,1,0.19078253533009915,0,10,2,0,9,-0.6139541589393799,-0.5338168501637263,-0.44361906135043366,2.0880368207781053,0.3347394072556777,-0.5379673935047086,-0.23394252375308255
36,4,1,2,4,0,0.23186036701117907,0,15,12,0,15,1.2357816728414042,-1.2093317203990415,-2.6078307925226274,0.6365651976943247,1.959550523494898,0.7325688335237687,1.2128767188252845
40,2,3,5,2,2,0.9926175912254799,0,21,8,0,21,4.144561645489951,0.8897657311225288,0.08115628329037482,0.513258148251249,-1.2499158448371557,0.9933974186681892,-0.8654845251527071
53,3,3,4,3,0,0.7299620333263025,0,22,13,0,17,4.117091023235024,-0.8658691201903237,-0.6140802711291649,-0.36705827144310793,-0.14019619080653734,-0.44290899210213336,0.5736044336348307
32,4,3,2,2,0,0.2352351824509597,0,10,5,0,9,-0.23687138385149317,-1.329888812163235,-0.5908393717999469,-0.987617110154435,-0.29334837859397356,0.40335746970775,1.135528865609204
55,4,3,2,3,1,0.15956549251212823,1,4,2,0,3,-0.7139685437985509,-0.11945596792296502,0.9613156100067981,-1.921676708099453,1.1735293340800146,-0.7469211892454277,-0.32054059214866804
30,3,1,2,4,2,0.2679814385150812,0,11,4,0,5,-0.5972116908447552,0.04115919043199031,-0.4498815766279114,1.6787236987726424,1.8915481341847238,1.454520849317487,-0.5298658642747843
23,3,4,1,1,1,0.031217042817970893,1,1,0,1,0,-3.517665319713764,1.69583974575118,-0.1856155760238453,-1.9608683882382756,-1.5242785115961544,-0.7774515110971351,0.009573431505670544
51,2,2,2,3,1,0.2701434296561907,0,10,0,0,1,-0.4698067373958297,-0.31639836128306476,1.7584392444263328,1.0476837894098527,0.930637567376445,-0.3258567533954559,0.5440588059041089
42,4,2,2,4,1,0.2664522252689306,1,8,3,0,4,-0.5695305108767309,0.06026348942395556,-0.19237987821760916,-0.9514492659873021,2.2448362970474323,-0.4330153570126583,-0.38099204461527264
20,4,3,1,3,2,0.0,1,1,0,1,1,-3.647536150929525,1.8198280816534769,-0.7980969788943372,-1.297417442891362,0.5045597374241861,0.18800326663620912,-1.3319526904206123
29,2,1,1,4,1,0.06111579835477747,1,6,4,0,5,-1.7130053201483857,0.4405941000063638,-1.5642854292308404,0.9994842314535595,1.8725995334673682,-0.6422527868200912,0.06741306234146548
43,1,2,4,2,0,0.702752583843071,0,25,10,0,25,4.15450078091343,0.13767687525315497,-1.3005815450802316,1.2996515739443133,-0.8518867369176002,-0.4629883079045019,1.5746099175088446
40,3,2,2,4,1,0.1799725796245518,1,16,1,0,1,-0.6711342631348457,0.30662576633024186,0.39169015901590826,-0.36209985779324966,2.0390280971527677,-0.998445344626705,-0.3209829045389421
29,2,3,1,4,1,0.11189622442522675,0,10,8,0,10,-0.6202810329737539,-1.3151266686400414,-1.471827870468641,0.8716833823602391,-0.4725584969527504,-0.2258548089608527,-0.8510481953482169
44,3,3,1,2,0,0.07029107783168108,1,6,3,1,5,-1.7550866171401702,1.3316524490767079,-0.4487169253032588,-1.5417632746369032,0.02524635678760422,-1.6778705961263363,1.1390119503582954
47,1,3,4,3,1,0.8521408985446108,0,26,17,0,20,4.864482090011513,0.005270434842831617,-1.2896114582453655,1.0810894833838276,-1.3475422965613093,-0.3461602611928483,-0.4910625635316337
32,1,3,2,4,1,0.22674541236026155,0,10,8,0,10,0.10687923505599771,-0.9629460054745036,-1.0535663066575074,1.4691060079120908,-0.7497127953205337,-0.7326310134777542,-0.9030246311727225
38,3,3,1,1,2,0.08489770090698165,0,8,0,0,0,-1.9619135359892117,-0.05419524415369172,1.5873371137105599,-0.3296599914830209,-0.8830532511394689,1.3436863640253587,0.04311847093208208
58,4,1,2,3,0,0.24525416578780848,1,12,3,0,5,0.2924318646241244,0.24678685581194004,0.2982779536962781,-0.9307582485177079,2.941905819315314,-0.753128069834823,1.7840343553859548
45,2,3,3,4,1,0.441415313225058,1,10,1,0,3,0.15408787409859692,0.3051193956478051,0.9732100787511392,-0.3701004192480187,0.900806784312973,-1.8522401417277254,-0.9956537578335718
56,3,3,4,4,1,0.5322716726429023,0,30,7,0,10,3.3301173787864533,-0.5566646669675709,1.1206769065988218,-0.046155996972302604,0.8138821205555385,-0.4471796064716643,-0.6123846446904266
37,3,1,2,4,0,0.449061379455811,0,6,3,0,6,-0.22337541089890223,-0.8898914510281575,-0.4587947816759935,1.2826268024628589,2.2223829561042816,-0.10020944973197289,1.2912092909384203
39,1,4,3,3,2,0.3623180763551993,0,9,7,0,8,0.6268519031079608,-0.33907481631697456,0.4570849603048282,0.7567969446062457,-1.8793867665458959,-0.25740785160693996,-1.848199010297928
54,3,2,3,3,1,0.5102826407930816,0,13,4,0,9,1.4752596947813592,-0.23792846308679405,0.9713668812717112,0.41663007220243037,1.0826772216289902,0.2834283501576894,0.452953832817389
32,4,3,1,3,2,0.15903817759966252,0,10,7,0,8,-0.7725605351825622,-0.8128188379887186,-0.6837009896448655,-0.4226924936895222,-0.11356180913390006,1.5884930928819787,-1.146878125421405
48,1,3,3,3,1,0.6061484918793504,0,15,0,0,0,0.6590977761555213,-0.12541576605088267,2.427995571406787,1.0882653988846,-0.1589614447759192,-1.1417215842411117,-0.13892525222845042
33,3,4,2,2,1,0.23618434929339802,1,6,5,0,6,-0.7828494338671679,-0.03248396285780832,-0.3546350307294267,-1.9231908915675209,-1.1158743170391332,-0.7194192374657619,-0.6776525942950968
31,2,1,2,3,1,0.27225268930605356,1,12,7,1,7,-0.6417574321202292,2.6855189335579333,-1.8561115361033438,0.8439025618000484,1.3343488890720787,-0.6161848368007202,0.6441741182046093
46,2,3,3,1,0,0.4979962033326302,0,24,13,0,24,3.596290069104416,-0.4072649635021553,-1.4603053508524002,-0.19362172792231444,-1.9256906322003988,-0.026609934793701582,1.5705650409842353
38,4,3,2,4,0,0.24973634254376714,0,10,2,0,2,-0.6649112623418793,-1.8135612724035137,0.45491161010138365,-0.5889720395838242,1.1476810454865778,-0.5439111250598296,0.23866533442504614
38,4,3,2,2,1,0.18092174646699008,0,16,13,0,15,1.2457950263304798,-0.9145719094933673,-1.6534343317564442,-0.8984304212733057,-0.7892153853214187,1.3337969059806984,0.1898226143525414
43,4,3,2,4,1,0.36057793714406244,1,10,9,0,10,0.651464935316186,-0.3155342216250537,-1.1863279381046647,-1.5772455649916313,1.029557132338906,-0.5522263163822951,-1.067772863094924
37,2,3,1,4,1,0.06944737397173592,1,4,2,0,4,-1.7816597243102004,-0.2659166313194435,-0.31454245600705233,-0.31011505461342503,0.4781917175804344,-1.6084046433658554,-0.995940734427999
30,3,2,2,4,1,0.1657350769879772,0,11,10,0,11,0.197470983005532,-0.9754026447214841,-1.8943846697973619,0.8856236198056471,0.7020477295616712,0.6410678191960618,-0.31755826261892495
39,3,2,4,2,0,0.8497152499472685,1,21,9,0,19,3.427629080097447,0.9308477776842189,-1.4485474599138606,-0.9511716739515097,0.5031355355463432,-0.5832227337988393,1.267700394321585
43,1,2,5,3,1,0.9693630035857415,0,21,12,0,16,4.352253617046376,0.5724492468799499,-0.5446015132089019,1.778409286189822,-0.22596150225063283,-0.10221613865900701,0.05716533342551201
27,4,2,2,1,2,0.30594811221261337,0,9,6,0,7,-0.5383054542645104,0.31148685269818643,-0.44094176142697006,-0.17983272653876117,-0.23881018173116436,2.6461649160564145,0.35934881232476307
42,3,2,2,3,2,0.27604935667580677,0,10,4,0,5,-0.25012333345358645,-0.04632353297542795,0.552960414625521,0.7134791729554241,0.7750200171403744,1.1901500496959265,-0.49365100956067715
31,1,4,1,3,0,0.1565597975110736,0,4,2,0,2,-1.8009956562951408,-1.6857195786932637,0.3028878003166774,0.47282509905180653,-1.5902241545819678,-1.7580977983852262,0.05046298858232786
39,4,3,1,1,1,0.07356043028896857,1,8,2,1,2,-2.1910905033685086,1.9903277080701907,0.060031365566953335,-2.152198947100279,-0.11488030764828251,-0.18982521893626048,0.7648915779030064
29,4,2,4,4,0,0.7970364901919427,0,9,7,0,7,1.4866578027357131,-0.9769877835257634,-0.7949998133912244,0.1930330652475975,1.6255397553697153,0.22368514786141758,0.4771993228884625
49,3,3,5,1,2,0.9310272094494833,1,22,2,0,3,2.5923403150249973,2.157393155803244,2.4950330990484,-1.5165069613260544,0.006032373424741821,0.1510119727165802,-0.38891662704087887
38,1,2,1,1,2,0.09750052731491246,0,20,0,0,1,-1.139092221683932,0.7880265093501524,1.5954007652837827,1.4452270729676193,-0.7836459904905851,0.7762471537250378,0.6486790980088637
42,1,3,4,4,2,0.790075933347395,0,16,0,0,1,1.2549417126564664,0.33744660090716755,2.3963250577286637,1.5733418284263916,0.19743868531987835,-0.6353991789785044,-1.6657868995831726
34,4,3,3,3,0,0.4017612318076355,0,9,7,0,8,0.6054173196796332,-1.4225905485858685,-0.6231154980196122,-0.7441949514784776,0.244126160115432,0.09755092495771697,0.5433171255561001
36,3,3,2,4,1,0.29408352668213456,1,17,8,0,16,1.0111493841830559,-0.1019405094939892,-1.7538545873780584,-0.947837641990503,0.43262597410576054,-0.8645809704623998,-1.1049585872553322
27,3,3,2,4,1,0.175754060324826,0,5,2,0,4,-1.3900856814606244,-1.2793909822315586,-0.1483742299410419,0.32371623399073585,0.351777428802861,-0.013296783216987152,-0.8131845121232227
40,3,1,3,1,0,0.5232545876397384,0,20,0,0,1,0.5834638675287538,0.34558900937872694,1.4595984374392363,0.5306117103356284,1.2293962549288984,0.545557366385056,2.94951262041732
34,4,2,3,3,1,0.3202910778316811,1,10,9,0,10,0.6544503574264093,0.4150756342331745,-1.6349886178866904,-1.0804150619160717,1.230237284136065,0.29458637549387845,-0.10024629176254014
43,3,3,3,1,3,0.4733178654292343,0,10,0,0,1,-0.18696231092643675,0.9492246575385628,2.5712208855029983,-0.16596745897253376,-0.7421020818386864,1.9598856235892865,-0.9311114456780673
31,1,3,3,4,0,0.5159249103564649,0,13,7,0,13,1.3245227034445866,-1.110634620816572,-1.0460847589180138,1.3143008751421517,-0.5827459389520189,-1.4532257307286462,-0.0670815023962382
41,4,3,1,4,1,0.09349293398017296,0,12,3,0,5,-0.9096370786127128,-1.5277438932077223,0.24474944510508534,-0.48430365155260563,0.9126759293229978,0.19544748011956525,-0.579678809984287
31,4,1,2,1,1,0.21060957603881036,0,10,8,0,10,-0.07147029634133467,0.09914090476996781,-1.2936957601861083,0.20580482730928895,0.5605694582786014,2.3317511373180713,1.8516338916369757
45,2,3,2,3,2,0.23149124657245307,0,12,2,0,4,-0.33121416867190906,-0.2154705846170504,1.3885619343348001,0.6587794287271,-0.26024987198263194,0.22227680111155132,-1.0150704459763396
33,2,2,2,4,2,0.19368276734866063,0,9,7,0,7,-0.33338899083010254,-0.2789670235464594,-0.7041919772122078,1.6473696023485587,0.501913597932201,0.7207044431117766,-1.1640778616095417
36,3,4,2,4,1,0.08236658932714618,0,17,2,0,5,-0.47773549750089733,-1.5337295468543812,0.651837082841818,-0.449356044810079,-0.26169803880598563,-0.6104059058086384,-1.225204829292241
33,2,4,1,2,1,0.05373338958025733,0,14,11,0,14,0.12033315222761057,-1.155413735229693,-1.460230338418136,-0.2621523448231717,-2.4515144423616837,0.1000021483834379,-0.4018171195149055
31,1,3,1,3,0,0.1002952963509808,0,5,2,0,5,-1.6475963325391079,-1.3510589850096626,-0.2017003095931497,1.072490149043865,-0.8578270010014396,-1.3471842804106986,0.636351128967681
19,3,1,1,1,2,0.06939464248048935,0,1,0,1,0,-3.542452325754557,2.2410284632723854,-0.35914091008996035,1.221325069968665,0.354771521096595,2.1342303199889394,1.1175551672723167
32,2,4,1,2,1,0.09412571187513183,0,5,1,0,5,-1.8205120825440049,-1.0868147326307938,0.5726349376590653,-0.21618307591198008,-1.8161227533093547,-0.29042842177350225,-0.281207679879339
36,1,3,2,4,2,0.3569921957392955,0,18,9,0,11,1.0244195567236112,-0.2975229032144148,-0.605462153461457,1.5739302921768679,-0.7625882792856843,-0.08127772396335069,-1.7475497602024352
37,3,3,2,2,0,0.16146382619700486,0,19,0,0,10,-0.025029922219608678,-1.020711087501757,0.5084355105635234,-0.4954995683166982,-0.3406098205632741,-0.34017959071097553,1.305788626723679
29,2,2,1,1,3,0.06907825353300992,1,1,0,1,1,-3.290581974307338,3.5885838496034173,0.09610328552368552,0.1617128654084972,-0.3921043632890981,0.8812146563038665,-0.596010907258195
29,3,3,1,4,0,0.07936089432609154,0,11,5,0,7,-1.023375803699726,-1.925111815896742,-1.0579497257469985,0.08151298787531382,0.24624753381198838,-0.6528109042702303,0.13728015151997666
41,2,1,5,3,3,1.0,0,21,16,0,21,4.85771826790234,1.7142769605248944,-1.4607932708451647,2.1580616809311963,0.43894668872010667,2.4000632670626376,-1.2359841702021277
30,3,3,2,4,1,0.28148070027420374,1,12,9,0,11,0.2596344398695324,-0.18584273430379203,-1.9127659008607627,-0.8469065474910352,0.3802030607154484,-0.7621287948431245,-1.1946107845971479
39,3,3,3,3,2,0.6567707234760599,0,9,3,0,4,0.5009397998245343,-0.051407066413477726,1.2395062258753624,0.173120049571993,0.08798038963997933,0.8200860863822557,-1.1798869487788988
22,3,3,1,1,1,0.07324404134148914,1,1,0,1,1,-3.413533151499206,2.0792385970701317,-0.5342664083152243,-1.3350086733051618,-0.7416309830048463,-0.36849277932744423,0.5731411186617544
31,3,1,2,3,1,0.1759122547985657,0,6,4,0,5,-0.9711395221157071,-0.3000385433374569,-0.6372274737017012,1.2830920061346485,1.449711829572172,1.0651586387834955,0.8672410614584123
45,4,3,4,4,1,0.8775047458342122,0,26,3,0,9,2.881402970317426,-0.5030806515418897,1.3290255503612642,-0.5059588352664659,1.2675457273883257,0.07312403482398643,-0.6915597565417125
42,1,3,2,3,0,0.18703859945159249,0,19,4,0,5,0.28528345436687197,-1.0142830072528342,0.5393107942923496,0.9185086749599933,-0.5857810655623015,-1.5698985771155332,0.7405683757029372
31,3,2,3,3,1,0.41837165155030587,0,10,9,0,10,0.8444715775046447,-0.4202912077601465,-1.1762115173639114,0.6826729755651086,0.38064110250047384,0.8951269937717323,0.14123725207412358
51,4,1,2,2,0,0.2358679603459186,0,13,1,0,4,-0.06436941489962712,-0.4929430118269072,0.9810433966339044,0.026211050610655637,2.027569451881808,0.5942951511707001,2.5764619183001822
34,4,2,2,1,2,0.228538283062645,0,14,9,0,13,0.5069825991187327,0.2798785684194855,-0.9690313033851551,-0.2877432906687729,-0.4002834266028334,2.6737509125286154,0.400098593544957
33,4,3,4,3,2,0.8666420586374183,0,10,8,0,10,1.925015161224971,-0.033696392420098586,-0.06166139973406361,-0.3467398584463136,0.07153366702261693,1.6085260980409741,-1.376380342264657
40,2,3,2,2,1,0.24615060113900022,0,15,8,0,11,0.7107905132158562,-0.4897053409655589,-0.35800374977535165,0.29883513881635704,-1.1965415683998164,0.1939549445879301,0.24290300519621974
33,4,4,3,3,0,0.38868382197848556,1,10,8,0,9,0.6484676869188755,-0.7428367796470413,-1.1586833936650551,-2.4706147736248973,-0.24130056251893783,-1.2082564744676594,-0.36351764909033685
34,2,3,2,3,1,0.2481016663151234,0,6,5,0,6,-0.5779366399934801,-0.8336114986336511,-0.13426686911079888,0.6335188435464967,-0.5941390811012143,-0.1364208187118541,-0.3172788426842666
34,2,3,1,4,1,0.08869436827673487,0,10,9,0,10,-0.3988350927182475,-1.341894966999258,-1.3758556861129638,0.8196796946115414,-0.4365361383190053,-0.2818683226889561,-0.8174495463709733
30,2,4,3,1,1,0.5487766294030795,1,9,7,0,8,0.5342065027564475,0.7186797706871254,-0.3767689727493162,-1.488430315200191,-2.0822032445614926,-0.7169658384561353,-0.320305635364451
45,4,3,2,1,1,0.13836743303100613,1,9,8,0,9,0.05599415622456147,0.3814374489735058,-0.5686684858676528,-2.2889304064745724,-0.4090052609924303,0.3302053166791223,0.5230572263241561
37,1,3,3,2,0,0.41262391900442946,0,9,5,0,9,0.644214142197321,-0.6358696335055873,0.04593273555859994,0.8118159813194609,-1.3228898743479316,-1.018874272726149,1.0427503770748414
31,4,3,2,4,0,0.3447584897700907,0,13,7,0,7,0.18909861172816791,-1.8024426592167802,-0.947351505352329,-0.5190603102255471,0.6960478900513019,-0.1967146213346061,0.08240958754897006
32,4,3,1,4,2,0.10857414047669268,0,8,7,0,7,-1.0173646012378879,-1.1439222777013665,-0.8221205866607435,-0.18766638804846614,0.38736132790301453,1.264712443709749,-1.6609636975165991
30,1,3,1,3,1,0.05921746466990086,1,7,2,1,5,-2.299478296492732,1.88306157269883,-0.8412915154526397,0.21649304553653725,-0.556419518989536,-1.9540075840040112,-0.4229496790944185
33,3,4,2,1,1,0.2302784222737819,0,10,3,0,5,-0.7151334308318951,-0.7270595878833034,0.7532862412718205,-1.0542843261882073,-1.8836849953785921,0.484813869388716,0.1994535270765252
38,3,3,3,3,2,0.36131617802151444,1,10,0,0,1,-0.5496117502579294,0.8843915938329953,1.2031520570593222,-0.9578694123884433,0.6652545125644201,-0.3041065595119702,-1.3937255891714828
41,3,3,2,1,0,0.10878506644167897,0,17,0,0,1,-0.6881494043686837,-0.7874157389525509,1.5277696630494675,-0.7373748173017783,-0.5425173059113236,-0.20291782183650237,1.872631622556707
51,1,1,3,4,2,0.508384307108205,0,18,2,1,4,0.6706408291222257,2.4462788179401884,1.2252059777639035,2.751681238070851,1.7211138566920854,-0.28372502601458166,-0.23510711262293071
38,1,2,2,1,0,0.27836954229065597,0,13,3,0,4,-0.24058652717267948,-0.11285401684244899,0.5611535538642156,1.1546540518973427,-0.7886157851824837,-0.48968279759216904,2.275355491181676
27,2,2,2,3,1,0.13346340434507487,0,9,8,0,9,-0.38842055825230837,-0.5557589019276745,-1.4526568293520892,1.3043757847668018,-0.11788155551627294,0.488814041139492,0.17179518213816622
53,4,3,4,4,2,0.6995359628770301,0,33,9,0,12,3.910976500950281,-0.11340801941752544,0.8538019933849498,-0.44886612733492387,0.9674953322676564,0.8508403760355324,-1.5554489559701372
30,4,3,2,3,1,0.22632356043028898,0,4,1,0,2,-1.5113918513817393,-1.1252647077283882,0.4371565280411519,-0.5331418412934648,0.4055214622155767,0.6428678270560254,-0.2415968532489657
30,2,3,1,4,2,0.0037966673697532164,0,1,0,1,1,-3.1293331935809037,0.8160240721872146,0.17500015703198402,1.1550121387677446,-0.034490593159588356,-0.2103075342419702,-1.4890609711408462
30,4,1,1,3,1,0.1489137312803206,0,7,2,0,2,-1.7840296216222837,-0.5502176667271256,-0.3302883504029868,0.6667569596547894,1.96421573679061,1.422618259521393,0.9751570752002531
58,4,3,5,1,1,0.9856570343809323,1,32,8,0,9,4.541670922022031,1.574399160758479,1.5261722437898535,-2.433250319710014,0.2999411746448404,-0.06068752333637979,0.5557597659475603
34,2,4,2,4,0,0.4596076777051255,0,16,1,0,15,0.679189447909877,-1.658049821108055,-0.07826675983784985,0.005363036191655419,-0.7638703383189719,-1.6236542224441632,-0.43294786666319846
51,3,3,2,4,1,0.20707656612529002,0,18,7,0,7,0.8877887044865447,-1.156586839854334,0.38067994070655264,0.018262903683164917,0.563454396080714,-0.3093486656553963,-0.5998110982083596
39,3,3,4,1,1,0.8468150179287071,1,21,9,0,21,3.457561037552411,1.3366819828792522,-0.990912315634839,-1.6233755555921576,-0.9703377299412396,0.10953188215783921,0.295212763398219
36,2,3,3,4,2,0.47305420797300146,0,10,3,0,10,0.5566644985233968,-0.2772170187854881,0.39032415252561925,1.0089131939925324,-0.05831761244858065,0.18265746893606644,-1.7293617034641167
32,3,2,2,2,1,0.22247416156928917,1,13,12,0,13,0.6321768916375894,0.6558643835633226,-2.3849553786041344,-0.7111198785590889,0.038496622919403284,0.3433285093156495,0.38429338729908424
56,1,3,1,3,1,0.10192997257962455,0,18,4,0,5,0.0929315134589071,-0.7007311049928676,1.2861790876730226,0.9276933280007515,-0.508776715763691,-1.0836099309579061,0.023982475345934548
57,2,4,2,3,3,0.20517823244041342,0,13,9,0,12,1.1529542204042016,-0.19529965186722573,0.7895548767305401,0.08494405952695633,-1.516526033562019,0.6922590819504808,-2.508110190593225
57,1,2,4,4,0,0.6912571187513182,0,32,0,0,1,2.6741533391985977,-0.13293182781229387,2.7163324845589085,1.600974837527761,1.5831674002282303,-2.066038992247612,0.9632680760851229
40,4,2,1,4,2,0.07029107783168108,1,5,2,0,4,-1.7155892109311799,0.28801113016522345,-0.24125047061378632,-0.7720028281870093,2.0521122440497797,0.31607057655464293,-1.2315678728454085
23,4,3,1,1,1,0.04118329466357309,0,1,0,1,1,-3.3447477338822584,0.8506287199512303,-0.04433969962513762,-0.8378914270025819,-0.7558412367791195,1.044888797671278,0.9143833628019874
53,2,4,3,4,1,0.3161780215144484,0,11,3,0,4,0.6167210631937259,-1.1967059634910246,1.6942925005673155,0.03781765327364536,-0.33851759294265305,-1.3101125760499108,-1.2102840404960928
38,4,2,1,2,2,0.07545876397384518,0,4,3,0,4,-1.6858542998347024,-0.23828945202658103,0.2911843826737359,-0.07913064006856935,0.5454891391551867,2.022713453946709,0.05182182926885946
36,3,3,1,2,1,0.05979751107361316,0,8,2,0,5,-1.4925621693743876,-0.8790190248415654,0.378384710188475,-0.26408661377511733,-0.5598655295156894,0.4733981839335896,0.36681866503195776
29,2,3,3,4,1,0.3643218730225691,0,11,10,0,11,0.9285970596751382,-0.9345530358148975,-1.387972219245505,0.9160736596199527,-0.4481811199410275,-0.1693755156238926,-0.9986342329312531
38,2,1,3,3,1,0.6431659987344442,0,20,16,0,18,3.20502520116948,0.2520945681016301,-2.3691386935619323,1.800706206942062,0.5012153177017727,0.994296356059175,0.6620272294970997
47,1,3,3,3,2,0.40202488926386837,0,25,14,0,17,3.0974179402086564,0.14203952954787405,-0.8167678136235051,1.2158634731598734,-1.3619908320507046,0.24215211615866994,-1.2376463085225309
32,4,3,2,3,1,0.20428179708922167,0,10,4,1,10,-0.8479028900814897,0.5705249591464291,-0.7857900239945314,-0.506025136239252,0.10724058380403802,0.43781070004701506,-0.1196484706980223
36,2,2,2,2,2,0.2894958869436828,0,6,5,0,6,-0.5234589078623116,0.3231638239100834,0.13540039408053298,1.1775733984074868,-0.327816429677124,1.2471537940355686,-0.10897096639216712
49,1,2,2,1,2,0.1726956338325248,0,20,3,1,4,-0.25512972770340087,2.5979247537257337,1.3385899801324612,1.435958062453792,-0.7698432852061621,0.3671513899820256,0.7768336111537449
34,3,2,1,1,2,0.1778105884834423,0,6,5,0,6,-1.233442647306582,0.24896985048634096,-0.07996092779491688,0.3428468180185299,-0.5313875139146684,2.057238277392378,0.46261092749693716
39,1,3,2,3,2,0.18587850664416788,0,9,7,0,8,-0.08345796435281098,-0.20875818559298265,-0.040712522224685285,1.345956357539683,-1.1378931497503948,0.12801073886852388,-1.2022643120404375
30,3,2,3,3,2,0.3936405821556634,0,12,8,0,11,0.7926788706345614,0.09956387630818059,-0.9059980257136955,0.8521971353564056,0.2948352955415654,1.601410317958783,-0.7358125165833428
51,2,3,3,2,1,0.5055368065808901,0,14,2,0,4,0.9196672166210867,-0.11707867059135771,1.9759685742820794,0.21609456520585318,-0.4431103619948425,-0.304009250010673,0.3848675229044562
60,1,3,2,1,2,0.2318076355199325,0,10,2,0,2,-0.0820708076526167,0.4775319183531017,2.639675897012593,0.666040075159185,-1.3522640388298683,0.13713496916664522,0.11821349473995035
50,2,3,2,3,0,0.3015713984391479,0,12,3,1,6,-0.17771396396852412,0.5065907742280035,0.5920961024093456,0.34575545838174215,-0.07906791601502083,-1.5911739750985077,0.9303175767443845
45,4,3,1,4,1,0.05921746466990086,0,8,4,0,5,-0.9757908056211655,-1.614855313787403,0.2043308449913334,-0.5084650616229326,0.8969550617894804,0.18097599594607158,-0.579144022833231
56,4,1,3,4,2,0.3296245517823244,0,37,4,0,6,2.3845326001165525,0.39935088611178915,1.459663950056903,0.6932939159191979,2.976224972243075,1.2804318154202672,-0.15190672179948628
46,4,3,3,4,0,0.3991246572453069,0,12,8,0,9,1.367542615892877,-1.6711067549442424,-0.321181019967792,-0.6588513916318346,0.9005717677747808,-0.408846460593662,0.14628545696263973
42,2,3,1,2,0,0.0926492301202278,0,7,3,0,5,-1.113985515527891,-1.2217591838824113,0.3582159795709591,0.11400642719527791,-0.801375244150405,-0.7578639687608277,1.2708826338268289
60,3,1,3,4,0,0.5206707445686564,0,19,0,0,1,1.284817173445623,-0.48716844488837646,2.035851406815656,1.0012923838092445,3.0647732174634874,-0.770301997697777,1.6018064656400697
53,3,2,3,4,1,0.48302045981860364,0,34,7,1,33,3.9392193889524925,1.3519105040555708,-1.5777373733019047,0.5961746228964369,0.8995789664229732,-0.05920085111987041,0.08667223713418623
39,1,3,2,1,1,0.2184138367433031,0,10,0,0,10,-0.4374353216461422,-0.017842407599780688,0.949874022980432,0.6897074147047996,-1.7550097810019956,-0.16604404416716964,0.829296907627223
48,4,2,5,2,1,0.9837587006960556,0,29,10,0,22,5.148399653449251,0.5111987041990314,-0.30121258134903556,-0.37986982059215013,0.5400871405759442,1.4262478035102513,0.7491123040193473
37,3,3,2,4,1,0.2896540814174225,0,7,4,0,5,-0.4885396001912365,-1.2111627259289772,0.10489013436124575,0.2183285092965505,0.44320118864386243,-0.12094434809180554,-0.7558464816159965
41,4,3,2,4,0,0.23507698797722,1,12,2,0,6,-0.3224639440175982,-0.7493350619077023,-0.1912519820998332,-1.7580688384214016,1.5212895707032477,-1.5435009350087021,-0.03435348273857972
21,1,3,1,4,2,0.08442311748576249,0,3,2,0,3,-2.3758977445150355,-0.67380066372372,-0.2936992121645672,1.7684997715368749,-0.6914208449353089,-0.0631877823741806,-1.7681490874043395
32,2,3,2,4,0,0.1789706812908669,0,8,2,0,5,-0.8886892381030678,-1.5738273714517246,-0.09493849932001557,0.6874299891367773,0.13740757423268005,-1.2711542831858054,0.12391095570283214
37,4,2,1,3,2,0.057002742037544823,1,7,0,1,0,-2.668274841257473,2.3033408012690657,0.08073089269105349,-0.8850769154017757,1.7077597833500042,0.21165643018100838,-0.5566378220751288
45,1,3,3,1,0,0.2215249947268509,0,24,9,0,24,2.746491498290162,-0.3562664812463882,-1.0474321524443506,0.39559084339972583,-2.2076484444600095,-0.5921437422992666,1.6386486790060288
41,4,3,3,4,2,0.6634676228643746,1,16,0,0,1,0.43583903429301435,0.7140295648363774,1.4770335323425685,-1.3786165564333583,1.719451133493682,-0.26656597204436944,-1.8523966395049638
42,2,4,2,2,1,0.07187302256907825,1,18,0,0,1,-0.7945494889811313,0.27326926044756683,1.4419418029507727,-1.4781626084832817,-0.91808874577764,-1.6361298810070417,-0.4233957019852157
42,3,3,2,2,1,0.30668635309006537,0,10,7,0,9,0.36149911565685683,-0.6588522848686762,-0.04383037207156459,-0.30206912001569675,-0.6916760204266822,0.5708301896473083,0.26834650173598
24,4,3,1,2,1,0.05399704703649019,0,1,0,0,1,-2.7752232135660098,-1.1029142003840025,0.1935805523667712,-0.7084338026734281,-0.2247933567121962,1.0505623660552332,0.27719905768180786
33,1,3,2,1,2,0.38045770934402023,1,6,2,1,5,-1.4018072668772326,3.2347015858011585,0.17514382890303043,-0.055210521243830225,-1.5006769938672588,-0.6449769183298774,-0.35946864729845496
43,4,3,2,4,1,0.2400864796456444,0,12,2,0,5,-0.26717922500063523,-1.3000914203652727,0.7349063504199164,-0.4846766894558463,1.0664205343174717,0.1164649985380912,-0.6054081069909842
38,3,3,1,3,1,0.08832524783800885,0,3,1,0,2,-1.9206938130840656,-1.1832760933556359,0.6510159121847158,-0.030201990690002376,0.06994070897705848,0.07159192401282824,-0.134560489965868
33,4,3,2,3,2,0.28364269141531323,1,14,0,0,0,-1.1115076494943752,0.6085439409941115,0.863457272309365,-1.54694993449224,0.9753086718374928,0.20158550434287437,-1.3376257614990614
53,1,2,3,4,1,0.5233600506222316,1,35,2,0,5,2.268911477768255,1.1908719665817895,1.416336394289978,0.6585119672687936,1.5786679020467889,-2.14831963839128,-0.23809522650823506
43,3,3,3,1,1,0.5173486606201223,0,18,7,0,8,1.5492139219609906,-0.02436145061820436,0.6705565814087767,-0.5448101437467253,-0.9952692082367681,0.8045714681754035,0.7717027346898794
42,4,2,1,1,0,0.08352668213457076,1,10,6,0,9,-0.5986134852129764,0.13192309596928267,-1.0569478375841084,-1.8451231673401496,0.5027782741229051,-0.023376389486123857,2.0622479901914827
29,2,1,1,1,1,0.058531955283695425,1,7,7,1,7,-1.8269535259369953,2.917109721099625,-2.0392107178847216,0.4058343877394757,0.17608265271166604,0.09989144004180614,1.684635564524915
29,2,3,2,3,1,0.1753849398861,0,11,7,0,8,-0.28317109668944074,-0.8464264957737612,-0.8089188068638906,0.6611847445230624,-0.8042125381018861,0.017465841390457915,-0.3634185783615777
37,2,3,1,2,1,0.10614849187935035,0,8,0,0,1,-1.7898439690066341,-0.6559801501564805,1.1331207951149016,0.33955676148135205,-0.7236043441111656,-0.10971771400908359,0.39188346927589895
50,1,3,5,2,1,0.905030584264923,1,28,3,0,8,3.4610255313471616,1.7447046059975442,1.799901189905993,-0.29772924813662693,-0.31556439041181916,-1.7292542849721984,-0.028466951325758258
29,4,3,2,3,1,0.19194262813752372,0,4,3,0,4,-1.3030524337103244,-1.1796594376504732,-0.10013604788050383,-0.5236007197405589,0.23229423532441823,0.7554794581358197,-0.2856464164949955
33,1,3,3,4,2,0.6564543345285805,1,15,14,0,15,2.258191713662974,0.9352750186637528,-2.0641362322989494,0.5404768627753799,-0.6597826831857609,-0.7805397039357451,-2.2738856601120525
55,3,2,4,1,2,0.8303627926597764,0,31,7,0,9,3.6750406799659796,1.3198249852394002,1.7993968854550368,0.09039570047241036,0.11722201165186333,1.6169555150538042,0.5660150643010543
51,2,2,3,2,1,0.6054102510018984,0,16,9,0,10,2.2088222792403447,0.21526990072728844,0.29943689849318017,0.8342933394066694,-0.0810577718531517,0.3820453262953474,0.8330417559390367
30,1,1,1,3,0,0.08458131195950222,0,10,7,0,10,-0.6556645937498559,-0.657329176070807,-1.809106280516196,2.292369089043721,0.4291487516590201,-0.3678175153684804,1.7248457173391236
49,1,2,5,3,1,0.9334528580468255,0,23,0,0,1,2.6081060919792747,0.7840114068686044,2.804781419157527,1.7045178027256773,0.8665052052243852,-0.834794446493485,0.3716985005964632
47,3,4,2,3,0,0.21398439147859102,1,20,10,0,19,1.8365107195856607,-0.7198499811543108,-1.5599115267728751,-2.101861801577254,-0.7658820474346042,-1.7482084903068853,-0.18697769320117583
31,3,3,1,2,2,0.0786753849398861,0,1,1,0,1,-2.450333781695166,-0.4464409256316157,0.7033401217552679,0.003355181644204964,-0.6381111078530423,1.237095706727109,-0.5960477385527205
47,2,3,1,3,2,0.05779371440624341,0,7,2,0,2,-1.3885802853767122,-0.5060129782971374,1.3061333074407253,0.6389129189342895,-0.2872632495147845,0.1976027336718178,-0.9571472757356191
58,1,3,1,3,0,0.07187302256907825,0,2,2,0,2,-1.1241289015788296,-1.3912303482814918,1.3753171777582889,0.8025347171821988,-0.3335372016802793,-1.8545398802300905,0.8854009725183684
41,2,3,5,3,1,0.977430921746467,0,23,15,1,22,4.549014007661799,1.7162531524611027,-1.6744018879737796,0.6504245739840969,-0.9879510771328558,-0.17210496621130378,-0.4399867338100404
29,4,2,1,1,2,0.14638261970048513,0,5,4,0,5,-1.688695605155035,0.07280154452962684,-0.19548033207355883,-0.20916951731773473,-0.16229467633499428,2.5479168384543365,0.455120683569605
50,4,4,1,3,1,0.11664205863741826,1,20,8,0,20,1.169388226294175,-0.5351312861530095,-1.2041002217998749,-2.5960646489346564,-0.41427074068541636,-0.681880426386506,-0.9466073873506046
32,3,2,1,2,2,0.09639316599873445,0,6,2,0,6,-1.6852489200581207,-0.03165457063609268,0.06312446420866466,0.5771349773085596,0.055647245405139815,1.6688079491169077,-0.006889759071690221
44,2,3,5,4,0,0.951276102088167,1,23,7,0,22,4.37596666466316,0.41645725375608655,-0.8967656607775027,-0.5595472222350808,0.45986701347713554,-2.1836964160329697,-0.3279246048535338
38,3,4,1,3,1,0.09676228643746045,0,7,6,0,7,-0.9178783382552792,-1.5680337054716733,-0.18106265263968085,-0.660045026369189,-1.0889156778986058,-0.09061612841703194,-0.7884929600594852
45,2,2,1,3,2,0.06670533642691415,0,1,0,0,1,-2.0299461503157583,-0.18966888264754828,1.2309481947895762,1.2991740245735497,0.5723110516115145,0.5643997821955169,-0.3976432255566233
46,1,3,3,3,1,0.5018983336848766,0,28,2,0,2,1.470576827882711,-0.04949187978014686,2.0433049587517913,1.0462003857455386,-0.25870309205000663,-1.0896965038545148,-0.10288305434945236
34,4,4,1,4,1,0.10140265766715882,1,6,0,0,5,-1.862833096709598,-0.8695028869240781,-0.044377674329310925,-2.1233363504426204,0.4843395194795087,-1.110282089839787,-1.5202296962471566
55,3,3,2,2,1,0.2834844969415735,1,17,7,0,8,1.0115596116862242,0.4791521707265355,0.33056585156025287,-1.5887208715833097,0.03530082368473331,-0.7062925863319893,0.13596493841224128
19,2,4,1,4,2,0.10467201012444632,1,1,0,0,1,-2.9562367177547353,-0.12274700794992673,-0.2697243598931698,-0.5407713441531797,-0.5924947057981725,-1.032274162782247,-2.626147441867932
32,1,3,2,4,1,0.27172537439358785,1,9,8,0,9,-0.04363616225512382,0.10394313689644805,-1.4668603484172054,0.3614777042457459,-0.2997363632427822,-1.7281725408275934,-1.216936549693731
40,3,3,2,3,0,0.1564016030373339,0,11,7,0,8,0.11534778964371571,-1.5063862659291054,-0.5257809315411422,-0.23991808075871313,-0.12317329132672208,-0.4574838348720327,0.6632152791116723
30,3,2,2,2,0,0.22147226323560432,1,11,8,0,11,0.03166881685225831,0.19578025335250646,-1.998202907741952,-0.8624229755352485,0.3270509518560456,-0.492956181594446,1.3221063213072055
48,4,3,1,3,1,0.06591436405821556,0,13,0,0,0,-1.2599874565685942,-1.1993467536509703,1.6172260058713523,-0.7887508464555884,0.8182936090551265,0.2145498042614693,0.07041898280530541
45,1,2,4,4,1,0.832261126344653,0,22,8,0,20,3.7604960860785295,0.15872049317492318,-0.5273829493683206,1.9343596964685592,0.31749089641667294,-0.5366737363836406,-0.31208198862189146
29,2,1,1,4,0,0.09022358152288547,0,10,7,0,10,-0.6746463181342817,-1.0882508611541883,-2.0526116234621528,1.9226935319489866,1.3073011021219658,-0.2276895742244207,1.2271079724490126
46,4,2,2,1,0,0.19014975743514026,1,19,13,0,16,1.7173669386883925,0.32487668086516946,-2.0844932906096902,-1.9031230067406206,0.18768994270413802,0.17491312378968626,1.964113664264364
41,4,3,2,3,2,0.21060957603881036,0,8,2,0,2,-0.9011390526712911,-0.5964098460499629,1.1599084046324837,-0.49203350316655264,0.4816979497846533,1.1765857938597504,-1.0240785030217596
41,2,3,1,2,2,0.1123708078464459,1,4,3,1,4,-2.0820233004357673,2.479323303516142,-0.02445198640137588,-0.5387749461439344,-0.5978834513067759,-0.626754105216972,-0.7213249054640412
52,4,4,4,3,1,0.6453279898755537,1,24,3,0,5,2.218562875752174,0.30669883809933607,1.716848621003687,-2.5357380432626644,0.5426242048696593,-1.1429214106728385,-0.9736549006710405
51,1,2,3,1,2,0.34143640582155665,0,23,12,0,13,2.5410709021898352,1.028358276398121,-0.004959076500629871,1.343521169802974,-1.2924574676832215,1.0777812338672144,0.441361504980809
36,3,3,1,4,2,0.08621598818814596,1,7,2,0,3,-1.7589158113355057,0.12219468964809964,-0.030790013618511382,-0.7421340294080182,0.8143054094214925,-0.45758818572094,-1.860137178306057
38,2,3,2,1,1,0.2986711664205864,1,17,0,1,1,-1.1080819777371784,2.716839096889511,0.9422023544405179,-0.941131880224999,-0.64231777316832,-1.2015860113927779,0.7306885227235073
31,4,3,2,1,2,0.22795823665893272,0,10,2,0,5,-0.9576063464582703,-0.0173285758660817,0.7405149528371563,-0.8538253655173158,-0.7547074867101765,2.0275354286914395,-0.09572464418405377
44,2,3,2,1,0,0.23439147859101456,1,9,3,0,4,-0.46846756385819044,0.3432318756200579,0.4593297237942256,-1.234327904754198,-0.7283901251720043,-1.4959509961270205,1.4498711565367834
30,3,3,2,4,0,0.2264817549040287,0,10,7,0,8,-0.1457803492202998,-1.7575168390201648,-1.1696545745095985,0.10271617460504438,0.20741066723644855,-0.5924441170808628,0.043037362416216966
31,4,3,1,2,2,0.06818181818181818,1,3,2,1,3,-2.7502996437661404,2.1349569791565304,-0.45543643763956726,-1.6456106522126426,0.07746866668552935,0.3965780206859421,-0.7517409915864564
27,4,3,1,3,2,0.07303311537650285,1,8,2,1,8,-2.24870774005625,1.919046373338895,-1.1215786485740817,-1.4102694708960761,0.4068833184013304,0.18588502777244065,-1.283183385196341
24,4,2,2,3,0,0.17759966251845602,0,5,2,0,4,-1.462512298755262,-1.297374303137194,-0.6754683849616019,-0.038082118794988254,1.114734250868373,0.46070801919038223,1.1695052318154584
50,3,2,1,3,1,0.14137312803206076,0,5,2,0,3,-1.1408540144907242,-0.775791208298123,0.8764343591904855,0.4512642843548875,1.0505140836822313,0.2698810841790825,0.5467764981769958
39,4,2,2,3,1,0.25801518666947904,0,17,11,0,15,1.3224209545351582,-0.7398256443805784,-1.6232584809494883,-0.07288264402309523,0.6627686641518004,1.2988213180615864,0.29985696100911896
30,3,3,2,3,2,0.19436827673486606,1,10,4,0,8,-0.7280551494677138,0.585623430349547,-0.633924828125795,-0.9029056619634146,0.06679747566659992,0.07970972063001555,-1.4914288335043493
30,4,2,2,4,1,0.2170955494621388,1,10,8,0,10,-0.1350361398803832,-0.03288680055050768,-2.0504370531602745,-0.8350285015165809,1.6416830618157792,0.02107368385900725,-0.575961018556354
59,3,2,5,4,1,0.9404661463826197,0,30,2,0,3,3.668305595142328,0.2605336128356739,2.761644717266762,0.5794677291612588,2.2391056517374865,-0.3948029786239134,0.005951010177795626
36,1,4,3,1,1,0.5644378823033115,0,10,7,0,8,0.952242865807165,-0.14908055295217418,0.51700239755753,0.16875559641308754,-2.7834597327758286,-0.28492099366379275,0.022872950114910834
29,4,2,1,1,2,0.07356043028896857,1,3,0,1,0,-3.197284537478895,2.8077832697090495,-0.10542681952504257,-1.2342071940772448,0.5422704675248555,1.0213746012006917,0.3615246880218378
30,2,2,1,1,1,0.05399704703649019,0,1,0,1,1,-3.0425581989494983,1.5380768077236342,0.17959845877032668,0.9180525802069596,-0.6030429853299087,0.40978338252767865,1.5142390619238915
50,3,3,5,2,2,0.9975216199114111,0,21,4,0,5,3.116879844016004,0.8243851735052281,2.4648699793919175,-0.1734780437291484,-0.04292429208077608,0.9027205149258708,-0.6381863410945834
37,3,2,1,1,1,0.1535013710187724,0,17,1,0,3,-1.0048448974680562,-0.04841342869294034,0.8843522685723013,0.08108940536490725,-0.02769466541849096,1.0399379803717357,1.534450008666027
38,1,2,3,2,1,0.5827884412571187,0,19,8,0,10,1.822083549980539,0.4089455548277181,-0.1395816577562196,1.5632026647503343,-0.6367316304647763,0.11947436560989297,0.7249119895702673
41,4,3,2,4,2,0.27531111579835477,0,16,3,0,14,0.5505279855366133,-0.7606042539281879,0.07791073076376688,-0.32337838927682583,0.6728598573136884,1.0071836218406158,-1.541857959122453
29,4,2,1,1,0,0.058004640371229696,0,1,0,0,1,-2.5487808132092997,-0.9577478944170601,0.13152784756829888,-0.5481758972183816,0.28198242643543425,0.9380040726395253,2.312570783109074
45,4,3,2,4,1,0.14174224847078676,0,12,9,0,10,0.5645018695054456,-1.4715601389041117,-0.6811028060204702,-0.5038568783600621,0.6164501698734698,0.3850360182270492,-0.7046715139182463
29,1,3,2,1,1,0.23012022780004218,0,6,3,0,5,-1.0513574285443694,-0.10559434991214756,0.3179854510952152,0.8363921687815891,-1.956867911966245,0.07034932006639007,0.6716130817063168
42,4,3,4,1,1,0.8782957182029107,0,23,6,0,22,3.622478210046574,0.21737724535726716,0.05074200235772198,-1.1639105194055044,-0.810334538985273,1.3881339474802354,0.7074243948563909
48,4,2,5,4,2,0.9099346129508542,0,25,0,0,1,2.5547586982042843,0.5407942762468204,2.7200128191361976,0.28373448206411395,2.448600352861511,0.9004448598066086,-0.9611302423883883
20,4,2,1,4,2,0.10108626871967939,1,1,0,1,1,-3.4464190857405947,1.9652765609423117,-1.1231279733582917,-0.4493224998941995,1.8431148883404378,0.24512866826721127,-1.2739180248531625
31,3,3,3,2,0,0.5082788441257119,0,13,8,0,13,1.318887009681274,-0.8955053824196383,-0.9961137533366816,-0.35188631305642515,-0.8366724378412441,0.10950530327236022,0.9840841188193783
41,3,1,2,2,1,0.2858574140476693,0,10,2,0,3,-0.5249231962120124,0.1328430830924445,0.6444478638117326,0.9373207169243194,1.3277051208308914,1.0899103963435737,1.5228618818241717
29,1,2,1,1,0,0.06992195739295508,1,4,2,1,2,-2.6584457295433235,2.270048686892883,-0.8760803684442436,0.2353120577583799,-0.5909459043317745,-1.6610585306053578,2.054628222137866
42,2,3,2,1,2,0.2186247627082894,0,9,4,0,6,-0.37636150884637254,0.2535677156994041,1.000561783397407,0.2508361875206084,-1.4856284122894887,1.0312569302481955,-0.07841216496724979
36,2,2,2,4,1,0.29756380510440833,0,8,3,0,6,-0.4561480416420087,-0.6617888975652596,-0.05068265711586149,1.442185830232168,0.8778511356366494,-0.19570623682058683,-0.1881443272995961
32,1,1,2,2,2,0.3019405188778739,0,10,0,1,0,-1.6975457219971288,2.671080015021539,0.7283762409315654,2.5132819228992056,0.45003967803969325,0.6321889347986824,0.6686895668333739
36,1,3,2,3,1,0.2287492090276313,0,10,2,0,3,-0.7455421195783184,-0.5831376136962803,0.7748917264315607,1.1991333640894075,-0.7030476668281603,-0.7825388619971188,-0.23579671863581325
42,2,3,1,1,0,0.08263024678337903,0,8,2,0,5,-1.1840410136419728,-0.9238624135697161,0.6693315004158815,-0.12082272061058455,-1.2476761595511665,-0.4767318121352188,1.8055199440081093
43,4,3,4,4,1,0.7938726007171483,1,22,13,0,17,3.713406591042286,0.2809877555340675,-1.5621465455528931,-1.5794572405038558,0.9161007629602378,-0.40824664553942513,-1.2185436537323047
36,3,3,2,4,2,0.18419109892427757,0,17,7,0,13,0.5825382514655354,-0.7047567218542525,-0.6938818869877689,0.34175884377860277,0.023156123354419012,0.7680326890970377,-1.6588307932874764
36,2,3,2,2,1,0.24599240666526048,0,11,8,0,9,0.2110611457080453,-0.5416386096949465,-0.4804653049409728,0.3643704090799987,-1.2419197618799802,0.2620089328462058,0.1854691893328066
36,2,3,3,4,1,0.46029318709133094,0,10,7,0,9,0.8893531639831679,-0.8385813813621709,-0.3671168499627765,0.8476772097698012,-0.1202318410964557,-0.4164458401094488,-0.8947621697334277
38,4,3,2,4,1,0.19647753638472895,0,19,11,0,13,1.1913584004509867,-1.3833354087926435,-1.4201650075718544,-0.45821702045552926,0.3845316974381884,0.578598913986146,-0.7756240619743247
33,3,2,1,1,2,0.09438936933136469,1,6,2,0,3,-1.9741188437162969,1.2994298881926536,0.002604445417251581,-0.7704703304365685,0.07947760231747013,0.9424124956661749,0.21659723461085373
45,1,4,2,3,1,0.2860683400126556,0,9,2,0,3,-0.3940942646142854,-0.9178728468832765,1.5046679015851314,0.495861131284636,-1.3633307902293421,-1.3135478617876684,-0.7445731469761324
27,1,4,2,3,2,0.28954861843492935,0,9,7,0,8,-0.32288488652313413,-0.5116550444449245,-0.3568613702604775,0.8658328280792568,-2.1461457324466084,-0.03203183032703633,-1.9096941943231682
34,1,2,2,2,2,0.18930605357519512,1,16,9,1,15,0.1605867051631162,3.216315750960125,-1.9601244691312552,0.7154668619219049,-0.728050574349571,-0.2955023331457734,-0.3376928264847707
29,3,3,1,2,1,0.08932714617169374,0,6,4,0,5,-1.6253677811455394,-0.920974409049975,-0.30543407045237647,-0.1725313797895893,-0.7845718305191219,0.6790178556076439,0.2509897761102143
32,2,3,2,3,2,0.2109786964775364,0,12,8,0,11,0.1532240144552924,-0.33486599051711324,-0.7727300796468852,0.7971059455935904,-0.9657613650811875,0.7542732801374137,-1.2549058231752606
44,4,3,4,1,1,0.8077937144062434,0,24,6,0,20,3.501097175634316,0.19220064565764403,0.29167395410170527,-1.1892538044806829,-0.7249791401837359,1.3178180335667695,0.7466810850702313
40,2,3,4,3,2,0.6448006749630879,0,22,6,0,20,2.976201003931882,0.3258704105941909,-0.034440025353243885,0.6956465360044282,-0.734369543870682,0.5907150216495815,-1.247706492982406
55,1,3,4,2,2,0.8345285804682556,0,37,9,0,10,4.326888810418315,1.051345751341664,1.722791780482883,0.8942082637393145,-1.0672195948813414,0.07843593443641735,-0.5704582686296312
41,1,3,5,3,0,0.9707867538493988,0,21,16,0,18,4.827856077049217,-0.3460789068733874,-1.399843155794739,1.0170990705124565,-1.2244069128279704,-1.0008286746171409,0.28201059374932097
43,1,1,2,3,2,0.22869647753638472,0,7,3,1,4,-1.07700727653979,2.2649047416463244,0.2722409336581104,2.630201138867779,0.8496804464794635,0.2872322103335258,0.1919297809897636
38,2,3,2,2,2,0.16816072558531955,0,8,2,0,3,-1.004575699823844,-0.032834561554681084,1.1354780206338209,0.523224839183527,-0.89711639413844,0.6779237568693549,-0.5854409216277607
29,2,1,1,2,2,0.09233284117274837,0,2,2,1,2,-2.7537128544172433,2.122094243103433,-0.3683891838701986,1.9465998130365054,0.4951326372664723,1.280306269374638,0.6436255073415115
45,4,3,3,1,1,0.6452225268930606,1,17,0,0,0,0.5352544084354134,1.0513905487263218,1.9888035929884416,-2.2796427381381057,0.42326857379481564,-0.11554996566954907,0.6252603959661912
34,1,3,2,2,1,0.17485762497363425,0,5,2,0,5,-1.096904087517363,-0.4106165227655057,0.5245617555538739,1.007755419254002,-1.3437453694687862,-0.3692487263066414,0.22573983033794287
38,4,4,1,3,0,0.08442311748576249,0,4,2,0,4,-1.6074956167891055,-2.204028174751641,0.31867669669591137,-1.4340717547529553,-0.3519718495511225,-0.5273643851998299,0.1891045018820969
55,1,3,3,4,1,0.48671166420586376,0,24,0,0,1,1.3070301223081842,-0.3518401927581671,2.6582447913300964,1.1901400407466747,0.48224319015850625,-1.6300714868106514,-0.5150281275235215
40,1,2,3,3,1,0.49704703649019194,0,18,15,0,18,2.8305716801220577,-0.04860353951705184,-1.9602580155027771,1.7687008452049722,-0.6781112879530687,0.11413396577894927,0.0992301375349636
20,4,3,1,1,2,0.09064543345285804,0,2,2,0,2,-2.6421753428083687,-0.3300774963177556,0.027591857604773902,-0.7164844667908238,-0.9965468736720978,2.240469852813437,-0.18156373926279123
33,1,1,1,4,0,0.12650284750052732,0,8,3,1,4,-1.7942270868747394,0.822746330084013,-1.0498216807889043,2.5889798581986323,1.3143304038278176,-1.2926056126842556,1.44276475716012
31,4,3,1,4,1,0.0710293187091331,1,8,4,0,6,-1.485201762948341,-0.5641429659467248,-1.1048790413477696,-1.477716606688707,1.0486715093298755,-0.5428677530669451,-1.0210000586885921
40,1,3,3,4,1,0.49108837797932925,0,14,10,0,11,1.7233563800043292,-0.6549472099474646,-0.6274879758982069,1.4004193433959549,-0.6035976226210306,-0.8255261369457156,-0.914038895554924
50,4,3,4,1,1,0.8883674330310061,0,32,2,0,2,2.823334374918121,0.43853129989205714,2.8797239714034113,-1.2516952979462352,0.15237328307280504,0.7816996926316065,0.9591196273607702
27,4,3,1,4,2,0.08284117274836532,0,6,2,0,4,-1.9828094840232662,-1.1084849631333031,-0.14468412968288522,-0.13421767958351308,0.5956268580710659,1.1550380110382132,-1.6262146700297553
36,4,3,3,1,1,0.3855726639949378,1,15,8,0,12,1.1195939075287074,0.7249139774476627,-0.8658622125421022,-2.1964897290530554,-0.5094079690544606,0.4892033591437287,0.3932559246915183
53,4,4,4,2,2,0.822031217042818,0,35,8,0,9,3.9136959128841533,0.1980787611671699,1.9063783695472072,-1.5143243233946448,-0.6788718166495211,1.0315536337613134,-1.0930566119322285
42,2,4,2,1,1,0.23882092385572665,0,10,0,0,0,-0.9514746553068634,-0.5066451648786554,2.132036516338837,-0.5390955664830377,-1.841211347967462,-0.2898407140193991,0.3244205653031009
37,3,2,2,4,0,0.21904661463826197,0,17,0,0,1,-0.5639615949868373,-1.189483214913078,0.702718634262068,0.6076959267697912,1.7257598796750842,-0.7163334038012024,0.8705856855585163
43,2,3,4,1,1,0.8516135836321451,0,22,1,0,4,2.005247380660199,0.6085189139182468,2.3772132625226,0.07269891394004194,-0.8584275908171989,0.0729059345207527,0.8002377816831266
23,4,3,1,3,1,0.011284539126766505,0,1,0,0,1,-2.861091411574134,-1.4047688426914997,-0.035091807020233755,-0.4735946122382639,0.2481659456306258,0.7466171180151762,-0.23756768050416308
52,3,3,1,1,1,0.10235182450959714,0,12,4,0,5,-0.47610596615182565,-0.547333664873887,1.1669566668622944,-0.6713868677538597,-0.83258418637017,0.5526890885895216,1.0154891446079157
29,1,3,1,4,0,0.14506433241932082,0,3,2,0,3,-1.8599109923894102,-1.6240019489455109,-0.3007331404658744,1.3373081921086207,-0.34478560392593816,-1.6473065596073428,0.09435345866838397
50,2,2,5,3,0,0.9349820712929762,1,29,3,0,27,4.851134533258359,1.1769587172345406,-0.38184043227901654,-0.28738239118180336,0.9749621181334817,-1.6965026714469373,0.9129277946582656
42,2,3,2,3,1,0.20554735287913942,0,20,16,0,20,2.299503756416698,-0.8567951703604866,-2.2651087612513643,0.4808905830558532,-1.2553289283010385,0.20125659343916952,-0.37028785002452136
34,2,4,2,3,1,0.17902341278211348,0,6,3,0,4,-1.003195818050853,-1.202174578690883,0.5256719016881538,0.013236029121572648,-1.2785863009157303,-0.6094533908785557,-0.850966177467858
32,3,3,1,2,1,0.1540814174224847,0,6,3,0,4,-1.5600451425767015,-0.8639483366721745,0.12461025971281772,-0.20108978027193494,-0.6451519187069192,0.5786957489953918,0.2909113259308908
56,4,2,2,1,1,0.23048934823876818,0,6,0,0,0,-0.7422964106952936,-0.1549518501971922,2.2027075386317283,-0.6566624000955235,0.7997207979018321,1.122975280377769,1.641025370550605
27,4,3,1,2,0,0.14801729592912888,0,5,2,0,5,-1.7780871449331033,-1.5231768799779704,-0.36960011071643756,-0.9311175769298152,-0.22964202289534266,0.3762895203150491,1.1719080964280306
40,3,3,1,1,1,0.12486817127188357,0,7,3,0,4,-1.2974389450257526,-0.5890530257680823,0.6907928702213108,-0.5197754086657183,-1.0024839616689014,0.7501401148686977,0.8871163238410773
37,1,3,3,3,0,0.4766399493777684,0,17,0,1,1,-0.1910120930551088,1.0074019221391293,1.1686789111027125,1.099290983459571,-0.30233833478692884,-2.010413841270696,0.8139346785100043
33,2,2,1,3,0,0.052678759755325884,0,1,1,0,1,-2.250695880199093,-1.2089337931447985,-0.017679420828482353,1.0802925742544787,0.5101994670971859,-0.6287378910475305,1.2675934039118175
36,3,3,2,3,1,0.22294874499050832,0,17,7,0,7,0.3126079084562749,-0.8914237589560444,-0.2619695112281759,-0.04257752019730266,-0.20100530976714634,0.28672320984501715,-0.23977681040113336
39,3,3,1,3,1,0.14480067496308796,0,8,3,0,8,-0.9393582809903922,-1.1217670426136728,0.04692064166478644,-0.06850996122110027,-0.1232067415687234,0.17488703976011077,-0.15043777587858137
36,1,3,2,4,0,0.21461716937354988,0,12,7,0,7,0.1297135967518648,-1.4172909960879319,-0.6515756947921577,1.246367600703627,-0.43771382002119924,-1.6123066846066132,0.07069600565302185
36,3,3,2,2,1,0.22247416156928917,0,10,7,0,9,0.0067216550835170275,-0.712371551379822,-0.4116744623102302,-0.24311231375165715,-0.8125316960091783,0.6769515163700868,0.2217310245321457
37,3,3,2,2,2,0.16810799409407298,1,18,0,0,1,-0.8821110436220139,1.0261181913850743,1.1871975758266047,-1.2365123325371061,0.13172815794575204,-0.0041572909576106576,-0.7757636628442993
51,4,3,5,2,0,0.9933558321029319,1,31,10,0,29,5.787080674585227,0.730041276022128,-1.16621132242642,-2.3444968962176476,0.11173283727003362,-0.6294108680406425,0.7810950028190401
49,1,3,4,2,1,0.8122758911622021,0,27,2,0,4,2.56560771529235,0.52159700447214,2.5087647150783576,0.8210279175633209,-0.6649240521882537,-0.7955043540927423,0.34301115774692703
43,3,2,1,3,1,0.07530056950010547,1,6,0,1,1,-2.3395466414025705,1.9652447756300784,0.11914201967678678,-0.5132925554741813,1.4815557043628989,-1.0400636734264894,0.36316668542235875
33,4,3,2,2,1,0.1736448006749631,0,4,2,0,3,-1.3703011058973666,-0.8966788121241065,0.47662530817649434,-0.7948362614562413,-0.1259412904409683,0.95707703750715,0.2844290007256886
46,4,3,3,3,0,0.5186669479012866,0,13,7,0,8,1.4591042260924707,-1.293433312856193,0.15601368546102637,-0.8831508902677482,0.5079031040838607,-0.13932892688439205,0.6677835683291878
56,1,3,1,4,2,0.08321029318709133,0,5,2,1,4,-1.4709182747124612,1.0523143981221819,1.161919976398328,1.469963900388143,-0.10764234612650732,-1.0329130335898107,-1.2916242161283027
32,4,1,2,4,0,0.1929445264712086,0,9,7,0,8,-0.20509030272028486,-1.2282706356696218,-1.6372385011984667,0.7061433499383415,2.263193961631249,0.5737712404944005,1.2446426478207637
30,2,2,2,1,1,0.4590276313014132,0,10,8,1,10,-0.13246257634197647,1.891141106912491,-1.1751453986306515,0.9194900220918497,-1.0318149919752866,0.7458583533525008,1.31955193280762
27,1,3,2,4,1,0.16968993883147016,0,4,2,0,3,-1.4882377064314058,-0.9782689624581625,0.002757787854519433,1.5453079400073733,-0.4206637903788662,-0.907732702231551,-0.8618534594866538
42,3,3,3,1,1,0.6506538704914575,0,18,7,0,13,2.063082979411191,0.047713759060244304,0.2970160493180245,-0.5380767976045548,-1.127431721216353,0.8931380901850081,0.7323443312253782
20,4,2,1,1,2,0.08389580257329678,1,1,0,1,1,-3.5454884791959906,2.7817854984127495,-0.6882981668645586,-1.1307947031567387,0.34353967403558455,1.2083625861363823,0.2597035099860513
50,4,3,1,2,1,0.15112845391267665,0,4,2,0,2,-1.2883721524082623,-1.024312778367994,1.289748673147802,-0.990538107469517,0.149567408797721,0.6500858090153603,0.49460503368727826
19,2,2,1,4,2,0.004904028685931238,0,1,0,1,1,-3.50720747195953,1.1718187418973394,-0.6402776007673046,1.8877852438953506,0.5944470338063191,0.363420223500877,-1.0126389155294542
31,1,3,1,3,1,0.10852140898544611,0,3,2,0,2,-2.0066891308334576,-0.8727469852361485,0.24202276212453916,1.2639658778368517,-0.8855485989732108,-0.65535610558452,-0.26599924866781594
29,3,3,1,4,1,0.06053575195106518,0,3,1,0,3,-2.195238885981,-1.4813050734178952,-0.06687037800267348,0.28871897154217735,0.3785477034887905,-0.07510811166906015,-0.7297571189364395
42,4,3,1,3,2,0.15603248259860789,0,8,0,0,0,-1.6703130516920182,-0.718972413810232,1.4986385862033984,-0.5219578740027864,0.5936254992747148,1.0741341583880062,-0.925706024999866
36,2,2,2,3,1,0.2459396751740139,1,10,9,0,10,0.22269031408109724,0.5643315657623758,-1.6270229047068785,0.09376697030909209,0.41518347174365255,-0.6174330334486053,-0.0746278388860877
42,3,3,4,1,2,0.6722737819025522,1,22,9,1,21,2.7612910079226474,3.4272903733981472,-1.0230828690479747,-1.4086914015916971,-1.054636452817089,0.42337561508514004,-0.41115815750715945
46,3,3,4,1,1,0.8457603881037756,0,28,15,0,26,5.05964067300771,0.28284622792202024,-1.293227307447907,-0.6068039465896008,-1.6325967532947885,1.2030337402812858,0.5966702159998409
39,2,2,4,4,1,0.5812064965197216,0,21,9,0,20,3.1284139656109304,-0.1820547733515074,-1.2192617998972377,1.382794607215701,0.505170759925487,0.04993155800858596,-0.3382447843761072
30,4,3,1,3,0,0.08879983125922801,0,1,0,0,1,-2.416870977092271,-1.8500388421500358,0.14862928639384887,-0.7183516720646943,0.48291063958700187,-0.09842097725904217,0.716368749176399
36,1,2,2,4,2,0.25316388947479435,0,10,4,0,10,-0.1240273551937016,-0.02988651828361842,-0.23915832851968097,2.205839551995405,0.23259182422526067,0.1580067346716861,-1.1177283370623707
41,2,1,1,4,0,0.09328200801518667,1,10,7,1,7,-1.0388311862444284,1.661302017697091,-2.0108242987856655,0.7719350190804569,2.009698423322483,-1.8167665036920133,1.1784174162649574
22,2,2,1,3,1,0.09518034170006327,1,4,2,0,4,-2.2788391274544857,0.3785700374626485,-1.173739854032895,0.2401959005457844,0.5436857698216336,-0.6414582394363503,-0.049971303349527006
21,1,2,1,2,2,0.061432187302256906,1,3,2,1,3,-3.055767378040674,2.9612080672146766,-1.0846420683710496,0.8985569329258111,-0.4648432125831827,-0.3776168717240034,-0.3337065939062217
41,2,4,1,3,1,0.124815439780637,0,10,6,0,10,-0.38233635485948736,-1.3563533194046837,-0.14714367986296623,-0.10360982248946382,-1.4873801712370456,-0.563949094183725,-0.7758491533651373
45,2,1,3,1,0,0.5189833368487661,1,24,7,0,7,1.8901058821878083,1.493578173671051,-0.20191855301838207,-0.044911022620982025,0.8793510600397657,-0.6800122933699788,2.5615854748307165
29,1,3,2,4,0,0.4136258173381143,0,6,4,0,6,-0.4456900501305617,-1.3335256817335432,-0.4717474917779581,1.3540389787939167,-0.4013608825581318,-1.5634756830683256,-0.0047265261431370205
51,3,3,1,4,1,0.09038177599662518,0,1,0,0,1,-1.7104903976814017,-1.461827807329959,1.3746298449873648,0.06603968091800665,0.8535560475787691,-0.5181359443498107,-0.5150756411788171
34,3,2,2,4,1,0.24984180552626029,1,16,10,0,15,0.9214267136017323,0.18878722258806402,-2.366265472767894,-0.3013923624846653,1.1365739179079832,-0.39269978730466615,-0.5744753351514561
40,4,3,1,1,2,0.053206074667791606,0,15,4,1,5,-1.3761459813457029,1.4805667001388167,0.42624730165619495,-0.9048191019853506,-0.7412681884540074,1.5686372229593257,0.18689070347977813
42,1,3,3,1,1,0.6423750263657456,1,20,0,0,1,0.715982781923889,1.5613953722400609,1.9456061304698102,-0.44096139799146566,-0.8205972146975159,-1.395894414614521,0.5443007564740278
39,4,4,3,3,1,0.38114321873022566,0,11,6,0,7,0.6399742574976663,-1.2544560790775765,0.36827157532771415,-1.2487041265487608,-0.5001435906834865,0.29235260869841917,-0.8528007853314808
40,2,3,1,2,1,0.07266399493777684,0,7,2,0,4,-1.4359276566723214,-0.7229241782098832,0.7041537300272915,0.30835315248730594,-0.8633455962857953,-0.049090215297076835,0.37672453504212544
45,1,3,3,2,0,0.339168951697954,0,10,8,0,10,1.1804246921724955,-0.7099261090076796,-0.09618332667767633,0.7235580065318774,-1.3574293370343404,-1.0538367506410773,1.0811327286972516
40,3,3,1,3,1,0.052309639316599876,0,20,3,0,5,-0.5546609342644577,-1.0127489768356348,0.5147989873482495,-0.13110451197963993,0.05713584077820077,0.042958118441644724,-0.04670107853354914
34,2,3,3,1,0,0.4714722632356043,1,11,2,1,3,-0.5219190843756167,2.3343896451334514,0.17659004137709283,-1.0196716465338935,-0.7336452234735594,-1.7286762469992227,1.4490089035950522
32,3,3,3,4,2,0.5352246361527104,0,10,7,0,7,0.6702370751902906,-0.4550392354290708,-0.1780559274377053,0.4672143883186704,0.1791975328630551,0.7932004560151411,-1.8105208594573439
50,4,2,3,1,0,0.6464880826829783,0,19,11,0,14,2.8593212971073627,-0.29291564854841456,-0.47015187317078333,-0.786285585050733,0.11876800478278589,0.9922824541310195,2.246445720024999
37,1,3,1,4,0,0.09407298038388526,0,13,8,0,9,-0.17800715960415134,-1.6177420705276393,-1.1123201199654882,1.2068934891908782,-0.5825192096777355,-1.5651926678126884,0.12250572883460256
29,3,3,3,4,2,0.34507487871757014,1,9,7,1,8,-0.3555408736116588,2.15152593145858,-1.3904429225018158,-0.5404349760800756,0.46204936550979897,-0.4695369681087704,-1.9949523203059818
31,1,3,3,1,1,0.4549673064754271,0,9,2,0,3,-0.2246045098222865,0.21236338010109737,1.0801963527695508,0.8324325701448398,-1.7072390222669,-0.05263105971197957,0.6604336529343915
38,4,2,1,3,1,0.14200590592701962,0,5,4,0,5,-1.2710684447880687,-0.9722479094383161,-0.2581572072885098,-0.026831418163200133,1.08860846015061,1.0233933853665755,0.4170371943904409
27,4,3,2,3,2,0.47310693946424803,0,7,7,0,7,-0.23311885479450514,-0.5405749447483181,-0.5753596371827466,-0.3189467951793702,-0.09093627013629471,1.6756776772281539,-1.2921620438014616
41,3,3,1,1,1,0.06480700274203754,0,7,0,0,5,-1.5675503874926955,-0.5813979449670875,1.0713061708678104,-0.5455141973317275,-0.8860197268001418,0.6431865231235778,0.951255744929247
40,3,2,5,3,2,0.9817021725374394,0,21,7,0,20,3.9826398409430395,0.8259686342520176,-0.13184158783975067,0.7463530598922725,0.536888186152141,1.4443870974202877,-0.7514166852856001
30,3,3,2,1,0,0.16378401181185404,0,8,3,0,4,-1.0463122079038394,-0.928685070281736,0.12246718464348587,-0.5746423140372137,-1.0190130252073177,0.1914557243699873,1.6472996655043564
30,3,3,2,3,0,0.13087956127399283,0,10,7,0,10,-0.2080678815013929,-1.5427563077451099,-1.2465764664289147,-0.1349524286329059,-0.3664768690192236,-0.24541095354591075,0.5598153677870605
34,2,3,1,2,0,0.052678759755325884,0,1,0,0,1,-2.329472092177813,-1.2779135799737837,0.5750999407262494,0.22485015043766374,-0.7447649397123154,-0.7360730207452324,1.2233497617515394
40,4,3,2,1,1,0.191415313225058,0,5,4,0,5,-0.7580338294494859,-0.6270738967302627,0.5585371790665159,-1.0989099263341924,-0.640523144500714,1.242443492428024,0.8266295756928809
29,4,3,1,2,0,0.06791816072558532,0,2,2,0,2,-2.2131684918075454,-1.605770865913059,-0.13028594633050092,-0.9367723373437433,-0.15016282682636048,0.31592514104480884,1.1901191809032108
46,4,3,5,2,1,0.9529635098080573,0,25,2,0,4,2.943927211450262,0.22707124155634503,2.4070158901593484,-0.9369315841828777,0.5253761658025717,0.5906945137015985,0.3102691147710788
41,3,3,3,3,0,0.37861210715039023,1,12,7,0,9,0.9573792144383084,-0.18538232304546942,-0.7556208175107091,-1.3461885747690958,0.382533184106021,-1.4641776355478715,0.30070810678750315
39,1,1,2,3,1,0.249261759122548,0,10,2,0,3,-0.6007176674935598,0.15072979642177617,0.46028786666957067,2.398298641741645,0.9930836186142789,-0.08261216906550149,0.9519700312400382
29,4,3,1,2,0,0.12033326302467834,0,8,5,0,7,-1.1906634679969204,-1.5472865326038991,-0.8379988909797917,-0.9636887473583021,-0.37161211345865675,0.4513394886508395,1.1575253886396268
52,4,3,4,4,1,0.8197637629192154,0,31,2,0,5,2.9747387920419888,-0.4469148192454745,2.2291055181706962,-0.5998790470234494,1.5772570446156267,-0.17168604390236844,-0.5594026077515601
37,3,3,1,3,1,0.10477747310693947,1,8,4,0,6,-1.2240448031944697,-0.10720176717908936,-0.574899118187808,-1.159090403636227,0.2651867598168857,-0.7719259782817915,-0.48064940818754526
44,3,3,1,4,0,0.11527103986500738,1,8,2,0,2,-1.302804023245152,-0.8321812022903065,0.04249582508990123,-1.177296942974497,1.1909742654374318,-2.061868883000939,0.015175401868264613
45,1,3,2,1,1,0.17280109681501793,0,5,1,1,1,-1.572378398670439,1.5761651954933722,1.3958974783588731,0.7574317455174341,-1.5049262546503248,-0.6784345483416487,1.0029675804407994
47,2,3,2,3,2,0.10372284328200801,0,5,0,0,0,-1.322096449157326,-0.34843324089188,1.9008758022402907,0.664547312936096,-0.10141477333740405,0.1034010069409534,-0.9799022183134588
37,4,3,1,1,0,0.10678126977430921,0,18,7,0,18,0.49833512915386835,-1.1906789115256864,-1.285904644177768,-1.3426320960482214,-1.0562633759563353,0.7880337893640182,1.7447302171617642
41,2,3,2,4,2,0.2628137523729171,1,8,4,1,6,-0.9198204722814403,2.1771589890123395,-0.3191769636346867,-0.08075439663811947,0.4024031994633789,-1.2407442423636172,-1.8013476028503497
57,4,3,2,3,1,0.3029951487028053,0,15,2,0,3,0.35391633222873803,-0.9371273896385098,1.8758936709523566,-0.8658317891716971,0.9039696318762649,0.14260904357067977,0.054335643797712614
18,3,3,1,3,2,0.04719468466568234,0,0,0,1,0,-3.632966929690273,0.9424831342190889,-0.2579225350998651,0.4587113834629272,-0.31749726271726975,0.7620619027446381,-1.0782774876946661
32,3,3,2,4,0,0.29835477747310696,0,9,1,0,5,-0.7280156632300865,-1.631712100074378,0.10548233503644766,0.07993750176066973,0.6109481801313652,-0.8658138375446301,0.15515500770915908
33,1,3,3,1,2,0.3983864163678549,1,11,0,1,0,-1.1653824514775235,3.4732572959037804,1.131362440326148,-0.05516116717981856,-1.1794363224950046,-0.8223966410432239,-0.32702899745642977
32,4,3,1,4,0,0.06881459607677705,0,4,0,0,3,-2.0569650114254743,-2.1000916496121578,-0.014288710049285662,-0.5324824511720802,0.9802479098717416,-0.44619191542537345,0.24055501427021306
39,1,2,1,1,2,0.13905294241721156,1,11,0,1,1,-2.1540673777785075,3.43138756201662,0.6702712217873806,0.4473327347588249,-0.42192305488668874,-0.5204966988059551,0.42669295575327537
58,3,2,3,1,1,0.4745306897279055,1,31,9,1,10,2.4643764310664817,3.193905507390933,0.13932214220435188,-1.1798704587773543,0.4411819305932578,-0.4033333469740791,1.3721158890411602
31,2,3,2,4,2,0.29387260071714827,1,10,5,0,6,-0.5191511113960046,0.5169040706434664,-0.6056690091807193,-0.06521982095608922,0.21678593556995257,-0.6945430442679623,-2.038815277210271
39,3,3,1,1,2,0.15265766715882725,0,6,2,1,5,-1.922666146283291,1.608688379221774,0.6113852848601972,-0.24616398030174585,-1.1145250360903916,1.130574520217757,0.11953846070078268
27,3,3,3,1,1,0.3376397384518034,0,9,7,0,9,0.21883686249440235,-0.26131724168076337,-0.5360597450546204,-0.3471304745156614,-1.4093430868038055,1.1555522110737926,0.5830966035006191
44,3,3,1,3,2,0.10161358363214512,1,6,4,1,6,-1.6588550158687265,2.048724027447002,-0.3445061659949823,-0.9631553415280957,0.2599504643996484,-0.5091182299136179,-1.1887414856982514
45,4,3,1,4,0,0.06649441046192786,0,8,3,0,5,-0.9848151620671707,-2.090647843986813,0.126866610725089,-0.6856401466396823,1.0425557041418312,-0.573727649339275,0.3336531317926394
40,3,2,4,2,1,0.6588272516346763,0,22,3,0,22,2.892059860747029,0.35845451784430854,-0.11127131916993113,0.2887549127830805,0.16582001424329307,0.9368052145758105,0.8065444044691854
47,3,3,3,2,1,0.5773043661674753,0,14,8,0,13,1.9868840210312946,-0.33815763901936285,0.13461834511578477,-0.3485739626693741,-0.6347057730194975,0.5389540769802166,0.23664012620564967
34,4,3,1,2,2,0.06865640160303733,0,9,2,0,3,-1.698532224174382,-0.5211507862609621,0.6479646059853413,-0.6745268286667916,-0.23059210130498872,1.6402025747271862,-0.5156501661198292
44,4,3,2,4,2,0.1862476270828939,0,20,11,0,20,1.818098246033359,-0.8894099223824768,-1.4342394296503884,-0.3700211060811292,0.1997359580077553,1.281809950317373,-1.6272229337249506
36,1,4,2,1,1,0.191415313225058,0,17,7,0,15,0.7507616084987279,-0.41545150651705415,-0.3034470280948271,0.08227796938562029,-3.0415557236870923,-0.22508981712584256,0.13659508054160338
27,1,1,1,3,1,0.1904661463826197,0,3,2,0,3,-1.9350084838715826,-0.1065357940698256,-0.47932590806858355,2.53941063834547,0.6727498060285446,0.18465193440581365,0.8451337299681781
24,1,3,1,2,2,0.11564016030373339,1,6,3,1,5,-2.469798611797793,2.6569261537045197,-0.9058596601981801,0.23950076152704192,-1.3006094344436558,-0.7636782248416488,-0.8961860840548606
39,3,3,3,3,2,0.5235709765872179,0,20,6,0,19,2.127237845586478,-0.05428222103512384,-0.3093942831417741,0.08779541894708484,-0.4115956696913391,1.0597649655544215,-1.1857301792342398
36,4,2,1,3,1,0.12544821767559586,1,2,0,1,1,-2.7464221444067247,1.7809032116871935,-0.3366638809530849,-1.024958044043039,1.7332129890842947,-0.44676358090168466,0.28863889529279185
50,3,3,3,4,2,0.43234549673064754,0,16,2,0,2,0.7104810378287867,-0.34623209268711047,1.966139673067749,0.2389826121564549,0.8929494790953515,0.19526831620845125,-1.4928552640320034
41,4,3,4,2,2,0.7912887576460662,0,22,10,0,22,3.686895543656572,0.31063366007014703,-0.5929833689477253,-0.7409056732143211,-0.6373528596557807,1.946022642307503,-0.7718605303514061
31,4,3,2,3,1,0.27262180974477956,1,10,2,1,10,-1.0467491311897132,1.6928057102050258,-0.998991353494635,-1.6143028383098474,0.6169808944331229,-0.5995419362236104,-0.4090396244829192
39,3,2,5,4,1,0.9630352246361528,0,21,9,0,21,4.244249516115902,0.011817817114391746,-0.9578417054231171,0.8114468446890051,0.9914879982464847,0.5014842538421364,-0.40816734546669453
44,2,3,1,4,2,0.0752478380088589,1,6,3,0,4,-1.3898524901837899,0.24751942575351862,0.1750782708235268,-0.2159466972257885,0.47295578145948314,-0.9907846810760287,-1.8314665889379034
33,4,2,2,2,2,0.1745939675174014,0,5,3,0,5,-1.1592810108050413,-0.04571975442050816,0.1731768932035669,-0.011521836306810869,0.5017096817718087,2.110031551193372,-0.047657905222591605
33,3,3,2,3,0,0.3213984391478591,0,6,0,0,5,-0.9395075924826607,-1.3666230037472982,0.4132909749806106,-0.1457003950488915,0.1563440181396979,-0.5782546758946994,0.6703013529237233
37,3,2,2,4,0,0.2489981016663151,0,9,2,0,6,-0.48611032631975976,-1.3157804907521498,-0.1394663331388344,0.6388434232388227,1.433615861985559,-0.5318796954829267,0.7701497510352507
37,3,3,1,1,1,0.1288230331153765,0,17,4,0,5,-0.6593854233325167,-0.4715857862643087,0.49805700211628146,-0.5315137904130587,-1.0479560866415603,0.7920502496751164,0.9011189278600813
27,3,3,1,1,0,0.10715039021303523,0,5,3,1,4,-2.3199148290671325,0.5587071654232648,-0.5953605787698855,-0.4600944121371711,-1.162673399396816,-0.0708196545616811,1.7851060963827161
29,3,2,1,2,1,0.08104830204598186,0,6,2,1,2,-2.4929466748944034,1.154978144705444,-0.33476590334872247,0.530859884968013,0.19864233693550312,0.6020479310602412,1.008990146163037
44,1,2,3,4,1,0.4871862476270829,0,24,6,0,22,2.7877299143855216,-0.119794647558451,-0.7703719522613626,1.8889964093930094,0.24092977594834553,-0.5650766246576925,-0.19552407382438236
23,1,4,1,1,1,0.09544399915629614,0,5,2,0,3,-2.1758041706610225,-0.6680286345294006,0.3126508017995112,0.2687915272227501,-2.8567464240774396,-0.24479263331866688,0.10956646681240531
43,4,4,1,4,0,0.05695001054629825,0,7,4,0,5,-1.0437836342886089,-2.48569210053777,0.08958478862411505,-1.2724235370558128,0.13153691473738574,-0.8748463195936579,-0.2879659667765889
29,2,3,1,3,0,0.12286437460451381,1,10,7,1,7,-1.4324816606111568,1.229250535174499,-1.9843483868440683,-0.5546008408787408,-0.3318076661641122,-2.03349963687794,0.40964963564430057
27,4,2,1,1,1,0.1985340645433453,0,8,6,0,7,-1.1232766345970442,-0.38510852766489057,-0.9027045427717915,-0.3715903441642739,-0.21396202396448158,1.9410835519792966,1.3067118758483758
46,3,3,3,2,1,0.33247205230963933,0,14,7,1,8,0.6323681209952973,1.2226712076130435,0.15478667215525688,-0.25636241585237757,-0.5252744814616361,0.10594180989573515,0.4219400612474318
32,3,3,1,3,2,0.10699219573929551,0,8,4,0,5,-1.4168759611576647,-0.6627906403849777,-0.01568978702676866,0.18903353178614785,-0.3119366985860082,1.013385530326648,-1.1177672750892624
37,1,3,3,2,2,0.34976798143851506,1,10,0,0,10,-0.0225395675992426,1.454832445076877,0.6499826854820088,0.01827238087952176,-0.8982434821358259,-0.7284861212634114,-0.961595332726519
30,3,3,2,1,0,0.10878506644167897,0,12,9,0,12,0.1270296383261241,-1.0114256154579824,-1.3878399290280878,-0.5978627869571325,-1.5012801853504891,0.4799224263927703,1.557227357388268
38,4,2,2,4,2,0.15919637207340223,0,8,7,0,7,-0.31213445898143977,-0.6273347030431093,-0.5778004677236145,0.38111729275120027,1.3654240505837834,1.523124936888868,-1.0727690199812856
33,4,3,2,4,0,0.23708078464458976,0,6,2,0,6,-0.8405980596227307,-1.8829977757501215,-0.2177534113055616,-0.5282452689290253,0.9133188170225194,-0.37593747389380483,0.15699941487535357
43,4,3,2,3,0,0.24625606412149337,1,10,7,0,8,0.1933457993366981,-0.5709015855726457,-0.8813423002693843,-1.986835667843472,0.7552817520432794,-1.049045715547821,0.3925050760942196
32,2,3,2,2,1,0.27478380088588905,0,10,4,0,10,-0.22487164909799714,-0.48089710150474685,-0.1723958440150971,0.39918470702830827,-1.1566317440822214,0.21807808366439266,0.2017446241276624
31,2,3,1,3,1,0.1301413203965408,0,6,2,0,5,-1.6207770736192184,-0.9827965247695666,0.022578754730809943,0.6370460367284695,-0.5460404844011169,-0.18846508542048748,-0.23513743630431613
52,4,3,2,3,1,0.11284539126766505,0,9,2,0,5,-0.37369944550109885,-1.1371180902179083,1.2123561013823387,-0.802340939257628,0.6750432773877995,0.29222502886029067,-0.012655330556488813
44,4,4,4,4,1,0.6491773887365535,1,23,11,0,12,3.0597137887541925,-0.11470299350359882,-0.635120399300123,-2.2122461833334333,0.3268085846681488,-0.9474659059066797,-1.7191224971454424
29,1,2,1,4,0,0.08031006116852984,0,8,3,0,4,-1.5264900281062241,-1.2530966009389635,-0.7202544525973246,1.9264693082408775,0.4281536573692949,-1.2538150053082084,0.6949651179115807
33,3,3,1,4,1,0.0752478380088589,1,8,4,1,5,-1.944133859756495,1.285234310716314,-1.1959007126680934,-0.801431596874238,0.7043538103131725,-1.3801718078593357,-0.8881790553894672
31,2,1,2,3,1,0.1871967939253322,1,4,2,1,2,-2.0137365877959628,2.610755837172035,-0.9087484704480835,0.8718073660042794,1.6260057193565292,-0.808070936920936,0.7016400172294597
37,2,3,3,4,0,0.5893271461716937,1,10,8,0,10,1.2591291297963416,-0.22059315503411295,-1.1991552796333922,-0.4465170199277006,0.3667644550433863,-2.094066815686897,-0.32832055498522467
38,4,3,1,3,1,0.12112423539337693,0,7,0,0,0,-1.8620320512546538,-1.2503371911013388,1.0160725573635774,-0.6515541768269079,0.6069965770464913,0.43027958383088544,-0.0685987852706481
33,4,3,1,2,1,0.09212191520776207,0,8,7,0,8,-0.9275897147251735,-1.0989285372391508,-0.7968957090171938,-0.8301302660430798,-0.5263222316804532,1.1816804148704136,0.2658505614216292
